id,url,platform,format,product,author,title,excerpt,scenario_tag,language,date,featured_placements,sort,z_index,thumbnail_override,thumbnail_cdn,fetch_date,fetch_status,action_status
ig-463n7-homelab,https://www.instagram.com/p/DZGUTGAM45Z/,instagram,post,keymod,@463n7,,Just popped this dongle in and launched the app. Full keyboard and touchpad without hunting for a USB cable.,Homelab,en,,keymod,10,10,,https://assets.openterface.com/images/social-posts/ig-463n7-homelab.webp,2026-07-03T04:27:57.596Z,ok,2
ig-463n7-reel,https://www.instagram.com/463n7/reel/DY7svOSsuXn/,instagram,reel,keymod,@463n7,,"61 likes, 2 comments - 463n7 on May 29, 2026: &quot;Finally playing around with the keymod by &#064;techxartisan they sent for beta testing first thought are this is gonna be very handy! There is a lot more it can do and I look forward to play around with it more.
.
.
#tech #homelab #it #infosec #gadgets&quot;.",Demo reel,en,,keymod,20,20,,https://assets.openterface.com/images/social-posts/ig-463n7-reel.jpg,2026-07-03T04:27:57.596Z,ok,2
ig-m0use-edc,https://www.instagram.com/p/DZLkGaZAbky/,instagram,post,keymod,@_m0usem0use_,,KeyMod is always in my bag: a full keyboard and trackpad when I need it.,EDC,en,,keymod,30,30,,https://assets.openterface.com/images/social-posts/ig-m0use-edc.jpg,2026-07-03T04:27:57.596Z,ok,2
ig-cybermax560,https://www.instagram.com/reel/DZRsM93P-mU/,instagram,reel,keymod,@cybermax560,,"59 likes, 1 comments - cybermax560 on June 7, 2026: &quot;My New SOLOGNAC EDC Pouch | EDC Setup 2026&quot;.",,en,,keymod,40,40,,https://assets.openterface.com/images/social-posts/ig-cybermax560.jpg,2026-07-03T04:27:57.596Z,ok,2
ig-nester-1,https://www.instagram.com/p/DZS5VTIHOLg/,instagram,post,keymod,@nester.3d2a,,"519 likes, 17 comments - nester.3d2a on June 7, 2026: &quot;Here&#039;s a closer look at the OpenTerface Keymod and why it has quickly become one of my favorite accessories for Raspberry Pi and portable computing projects. 

The Keymod is a compact USB device that allows your smartphone to function as both a keyboard and touchpad for another device. Once connected, you simply launch the companion app on your phone and gain access to a full-featured virtual keyboard, touchpad, scrolling controls, and additional input functions&#x2014;all from a single interface.

For anyone working with Raspberry Pi systems, cyberdecks, SDR projects, mini PCs, or other portable setups, the Keymod eliminates the need to carry around a separate keyboard and mouse. It dramatically simplifies mobile deployments while keeping everything compact and easy to manage.

The app itself is incredibly straightforward to use. It supports multiple keyboard layouts, allowing you to switch between Windows, macOS, and Linux-style keyboards depending on the system you&#039;re working with. The touchpad experience is responsive, complete with scrolling functionality and gesture support, making remote interaction feel natural and intuitive.

I&#039;ve been using the Keymod extensively over the last few days, and it has quickly become a permanent part of my toolkit. The dual USB-A and USB-C design makes it compatible with a wide range of devices, and the convenience it adds to portable projects is hard to overstate.

What&#039;s even more exciting is that the team behind OpenTerface is actively developing new features and improvements that will further expand the device&#039;s capabilities. From what I&#039;ve seen so far, there&#039;s a lot to look forward to.

If you&#039;re into Raspberry Pi projects, cyberdecks, embedded systems, or portable computing in general, the OpenTerface Keymod is definitely worth checking out. Be sure to show the team some support&#x2014;they&#039;re building something genuinely useful for the maker and hacker community.  Video coming soon!!

#raspberrypiprojects #innovation #tech #openterface #hardware&quot;.",,en,,keymod,50,50,,https://assets.openterface.com/images/social-posts/ig-nester-1.jpg,2026-07-03T04:27:57.596Z,ok,2
ig-nester-2,https://www.instagram.com/p/DZieZfUnACg/,instagram,post,keymod,@nester.3d2a,,"94 likes, 15 comments - nester.3d2a on June 13, 2026: &quot;This has quickly become my favorite mobile hacking and radio reconnaissance setup.

At the heart of the build is a Raspberry Pi 3B+ paired with the official 7-inch Raspberry Pi touchscreen, all housed in a custom 3D-printed carbon-fiber nylon enclosure designed to withstand the heat and abuse that comes with operating in the field. A roof-mounted GPS receiver and AccelTex antenna provide the positioning and RF performance needed for wireless surveying, signal analysis, and network reconnaissance while on the move.

The platform is built to be flexible. Whether I&#039;m mapping wireless networks, tracking aircraft with ADS-B, exploring the RF spectrum with SDR applications, or monitoring local amateur radio activity, the system provides a capable and portable workstation that can go wherever the road leads. It serves as a compact command console for experimenting with wireless technologies, learning how radio systems operate, and observing the digital landscape around me.

To keep the footprint small, I&#039;m using an Openterface keymod, which allows my smartphone to function as the keyboard, mouse, and control interface. This eliminates the need for extra peripherals while maintaining full control of the system from a device that&#039;s already in my pocket.

What I like most about this build is its simplicity. No bulky laptop. No unnecessary hardware. Just a compact field terminal designed for wireless exploration, radio monitoring, and hands-on experimentation. It&#039;s the kind of setup that can ride quietly in a vehicle, ready to be deployed whenever curiosity strikes.

At this point, the system is fully operational. The only things left are cleaning up the wiring and designing a permanent mounting solution to turn it from a prototype into a polished mobile operations platform.

#linux #raspberrypi #wardriving #hamradio #wireless&quot;.",,en,,keymod,60,60,,https://assets.openterface.com/images/social-posts/ig-nester-2.jpg,2026-07-03T04:27:57.596Z,ok,2
ig-txa-compose,https://www.instagram.com/p/DZNZVbUBBxD/,instagram,post,keymod,@techxartisan,,"Paste on phone, tap Send, and the laptop types it in automatically.",Compose & Send,en,,,70,70,,https://assets.openterface.com/images/social-posts/ig-txa-compose.jpg,2026-07-03T04:27:57.597Z,ok,2
ig-txa-gamepad,https://www.instagram.com/p/DY7XsRIBQi6/,instagram,post,keymod,@techxartisan,,"Minecraft with KeyCmd gamepad, demo with KVM-GO. Same mode on KeyMod.",Gamepad,en,,,80,80,,https://assets.openterface.com/images/social-posts/ig-txa-gamepad.jpg,2026-07-03T04:27:57.597Z,ok,2
post-bluesky-isa-freeman,https://bsky.app/profile/did:plc:hqzak33sft3uec37owhqhy6a/post/3ljjqt4ak222z,bluesky,post,minikvm,Isa Freeman (@isa.rattleroar.dev),Definitely can recommend the #openterface for a USB KVM,"Definitely can recommend the #openterface for a USB KVM. It's affordable, it does lack some features but it works really well. Plus it's OSS! Used it to recover a few machines the other day after they stopped responding.",,en,2025-03-04,,100,100,https://cdn.bsky.app/img/feed_thumbnail/plain/did:plc:hqzak33sft3uec37owhqhy6a/bafkreicpoplzg4k5cm3ccp3uzeztfyhyli55hlrjob2eno6bim3nx5dala,https://cdn.bsky.app/img/feed_thumbnail/plain/did:plc:hqzak33sft3uec37owhqhy6a/bafkreicpoplzg4k5cm3ccp3uzeztfyhyli55hlrjob2eno6bim3nx5dala,2026-07-03T03:59:40.621Z,manual,2
post-x-veulx-vga,https://twitter.com/DORA_0907/status/1848736698647351337,x,post,minikvm,Veulx (@DORA_0907),mini-KVMのVGA用のケーブルが届いたので試してみた,mini-KVMのVGA用のケーブルが届いたので試してみた〜 パソコンに接続しただけで使えるのはとてもいい製品！遅延もなく操作しやすい,,ja,2024-10-22,,110,110,https://pbs.twimg.com/media/GagIOmObQAAjGTQ?format=jpg&name=medium,https://pbs.twimg.com/media/GagIOmObQAAjGTQ?format=jpg&name=medium,2026-07-03T03:59:40.621Z,manual,2
post-x-nemanja,https://twitter.com/nemanjan00/status/1872243307839103175,x,post,minikvm,Nemanja (@nemanjan00),"New toy, from @TechxArtisan","New toy, from @TechxArtisan 😍",,en,2024-12-26,,120,120,https://pbs.twimg.com/media/GfuLXd0W0AAuBfo?format=jpg&name=medium,https://pbs.twimg.com/media/GfuLXd0W0AAuBfo?format=jpg&name=medium,2026-07-03T03:59:40.621Z,manual,2
post-x-tsukkkkkun-usage,https://twitter.com/tsukkkkkun/status/1885503399095132621,x,post,minikvm,うんちゃま (@tsukkkkkun),openterface mini-kvmの正しい使用方法,openterface mini-kvmの正しい使用方法,,ja,2025-02-01,,130,130,https://pbs.twimg.com/media/GiqnV75bYAEyv5c?format=jpg&name=medium,https://pbs.twimg.com/media/GiqnV75bYAEyv5c?format=jpg&name=medium,2026-07-03T03:59:40.621Z,manual,2
post-x-matsuu-switch,https://twitter.com/matsuu/status/1842440088229478435,x,post,minikvm,matsuu (@matsuu),Openterface Mini-KVMはゲームもいける,Openterface Mini-KVMは「最大1920x1080@30Hzのビデオ出力をサポートし、遅延は140ミリ秒未満」なのでゲームもいける。Nintendo Switchに接続してみたが体感的にも遅延を感じないレベル。音も出ます。USB接続のHDMIキャプチャとしても優秀。,,ja,2024-10-05,,140,140,https://pbs.twimg.com/ext_tw_video_thumb/1842439843168854016/pu/img/yWsJ0Ne1qT_sYE1W?format=jpg&name=medium,https://pbs.twimg.com/ext_tw_video_thumb/1842439843168854016/pu/img/yWsJ0Ne1qT_sYE1W?format=jpg&name=medium,2026-07-03T03:59:40.621Z,manual,2
post-x-tsukkkkkun-unexpected,https://twitter.com/tsukkkkkun/status/1836702683845341553,x,post,minikvm,うんちゃま (@tsukkkkkun),想定外の使われ方にドン引きしているOpenterface Mini-KVMくん,これは恐らく想定外の使われ方にドン引きしていると思われるOpenterface Mini-KVMくん,,ja,2024-09-19,,150,150,https://pbs.twimg.com/media/GX1HWChb0AAf6gz?format=jpg&name=medium,https://pbs.twimg.com/media/GX1HWChb0AAf6gz?format=jpg&name=medium,2026-07-03T03:59:40.621Z,manual,2
post-x-openterface-reply,https://twitter.com/Openterface/status/1832027435254346206,x,post,minikvm,Gibbyの冒険 (@Openterface),Veulxさんの素晴らしいツイートのおかげで,本当にありがとうございます！🙏✨ Veulxさんの素晴らしいツイートのおかげで、私たちの製品が多くの方に届くことを心から嬉しく思います。,,ja,2024-09-06,,160,160,https://pbs.twimg.com/media/GVqryuKWcAAqoal?format=jpg&name=medium,https://pbs.twimg.com/media/GVqryuKWcAAqoal?format=jpg&name=medium,2026-07-03T03:59:40.621Z,manual,2
post-x-cnxsoft-kvmgo,https://twitter.com/cnxsoft/status/2008040200359051463,x,post,kvm-go,CNX Software (@cnxsoft),"Video cable-free, KVM-over-USB with built-in HDMI, DisplayPort, or VGA connector","Video cable-free, KVM-over-USB with built-in HDMI, DisplayPort, or VGA connector. Small enough to fit on a keychain, Openterface KVM-GO features USB-C ports for target and host connection, a microSD card slot for easy OS installation, and enables headless device troubleshooting.",,en,2026-01-05,,200,200,https://pbs.twimg.com/media/G9392stbIAAYJmX?format=jpg&name=medium,https://pbs.twimg.com/media/G9392stbIAAYJmX?format=jpg&name=medium,2026-07-03T03:59:40.621Z,manual,2
post-x-hacksterio-kvmgo,https://twitter.com/Hacksterio/status/2007197837713649869,x,post,kvm-go,Hackster.io (@Hacksterio),"Openterface's KVM-GO is a pocket-sized, open source tool","Openterface's KVM-GO is a pocket-sized, open source tool for hardware-level access to headless computers.",,en,2026-01-02,,210,210,https://pbs.twimg.com/card_img/2060318126026510336/yC4lohuc?format=jpg&name=600x314,https://pbs.twimg.com/card_img/2060318126026510336/yC4lohuc?format=jpg&name=600x314,2026-07-03T03:59:40.621Z,manual,2
post-x-techxartisan-kvmgo-vacation,https://twitter.com/TechxArtisan/status/1985916984161165793,x,post,kvm-go,TechxArtisan (@TechxArtisan),KVM-GO HDMI on vacation — pocket-sized travel tech,"Our beta tester brelade brought the KVM-GO HDMI along on vacation, proving it's truly pocket-sized travel tech! ☀️ Wait... What? Gran Canaria? That ocean view? Gosh… we're jealous! 🌊😎",,en,2025-11-05,,220,220,https://pbs.twimg.com/media/G4zR8ahXIAA4CSf?format=jpg&name=medium,https://pbs.twimg.com/media/G4zR8ahXIAA4CSf?format=jpg&name=medium,2026-07-03T03:59:40.621Z,manual,2
post-x-techxartisan-kvmgo-raspberry-pi,https://twitter.com/TechxArtisan/status/1985549814596321436,x,post,kvm-go,TechxArtisan (@TechxArtisan),Clean Raspberry Pi setup using KVM-GO HDMI,"Our beta tester Stavros shared this clean Raspberry Pi setup using KVM-GO HDMI via HDMI-to-micro-HDMI. EXACTLY what our KVM-over-USB was made for ⚡ If you tinker with SBCs a lot, you know how convenient this setup is. What other use cases can you imagine for our gadget? 👀",,en,2025-11-04,,230,230,https://pbs.twimg.com/media/G4zSUBMXsAABu0w?format=jpg&name=medium,https://pbs.twimg.com/media/G4zSUBMXsAABu0w?format=jpg&name=medium,2026-07-03T03:59:40.621Z,manual,2
post-x-techxartisan-kvmgo-halloween,https://twitter.com/TechxArtisan/status/1985183422583808482,x,post,kvm-go,TechxArtisan (@TechxArtisan),Halloween setup with KVM-GO HDMI on uConsole,"Our awesome beta tester, Rex, shared this perfect Halloween setup. His uConsole rocking our KVM-GO HDMI in matching orange vibes 🎃🧡 Even after Halloween, love how the community keeps things creative and spirited. Big thanks to everyone building, testing, and sharing with us!",,en,2025-11-03,,240,240,https://pbs.twimg.com/media/G4zJxwnbAAAMXVW?format=jpg&name=medium,https://pbs.twimg.com/media/G4zJxwnbAAAMXVW?format=jpg&name=medium,2026-07-03T03:59:40.621Z,manual,2
